<?xml version="1.0" encoding="UTF-8"?>
<project-private xmlns="http://www.netbeans.org/ns/project-private/1">
    <editor-bookmarks xmlns="http://www.netbeans.org/ns/editor-bookmarks/2" lastBookmarkId="0"/>
    <open-files xmlns="http://www.netbeans.org/ns/projectui-open-files/2">
        <group>
            <file>file:/C:/xampp/htdocs/exemplo-php-mysql-alunos/escola.sql</file>
            <file>file:/C:/xampp/htdocs/exemplo-php-mysql-alunos/classes/escola.php</file>
            <file>file:/C:/xampp/htdocs/exemplo-php-mysql-alunos/inserealunobd.php</file>
            <file>file:/C:/xampp/htdocs/exemplo-php-mysql-alunos/formregistar.php</file>
            <file>file:/C:/xampp/htdocs/exemplo-php-mysql-alunos/login.php</file>
            <file>file:/C:/xampp/htdocs/exemplo-php-mysql-alunos/paginainicial.php</file>
            <file>file:/C:/xampp/htdocs/exemplo-php-mysql-alunos/registaalunobd.php</file>
        </group>
    </open-files>
</project-private>
